,precision,recall,f1-score,support,sensitivity,specificity,f1_score
Active,0.8648648648648649,0.7111111111111111,0.7804878048780488,45.0,,,
Inactive,0.8059701492537313,0.9152542372881356,0.8571428571428572,59.0,,,
accuracy,0.8269230769230769,0.8269230769230769,0.8269230769230769,0.8269230769230769,0.8269230769230769,0.8269230769230769,0.8269230769230769
macro avg,0.8059701492537313,0.8131826741996233,0.818815331010453,104.0,0.9152542372881356,0.7111111111111111,0.8571428571428572
weighted avg,0.8314534396623949,0.8269230769230769,0.8239748056821229,104.0,,,
AUROC,0.8459510357815443,0.8459510357815443,0.8459510357815443,0.8459510357815443,0.8459510357815443,0.8459510357815443,0.8459510357815443
