model_name,mean_acc,mean_auc,mean_spec,mean_sens,mean_pre,mean_f1,std_acc,std_auc,std_spec,std_sens,std_pre,std_f1
MLP,0.8927655677655677,0.9567308605584215,0.8716908212560387,0.9089265536723165,0.9035879385788641,0.905212743531284,0.020220974642217976,0.01730288810300285,0.03260150215878361,0.048250572208087504,0.02109013518900853,0.02009400527047118
DNNs,0.8927655677655677,0.9567308605584215,0.8716908212560387,0.9089265536723165,0.9035879385788641,0.905212743531284,0.020220974642217976,0.01730288810300285,0.03260150215878361,0.048250572208087504,0.02109013518900853,0.02009400527047118
Bagging,0.8869413919413919,0.9430305139332406,0.8672463768115943,0.9019774011299436,0.8998680654353208,0.9000815494148938,0.020621246670529007,0.020267933182071606,0.0372029609680633,0.04216143097583194,0.022740751809418567,0.02038440367455707
